date,open,close,high,low,volume,code,returnRate,return
2015-02-16,2.4819999999999998,2.7060000000000004,2.7060000000000004,2.4819999999999998,290.0,300425,,
2015-02-17,2.977,2.977,2.977,2.977,46.0,300425,0.10014781966001457,0.10014781966001456
2015-02-25,3.275,3.275,3.275,3.275,51.0,300425,0.10010077258985557,0.10010077258985556
2015-02-26,3.602,3.602,3.602,3.602,66.0,300425,0.0998473282442748,0.0998473282442748
2015-02-27,3.963,3.963,3.963,3.963,166.0,300425,0.10022209883398119,0.1002220988339812
2015-03-02,4.36,4.36,4.36,4.36,331.0,300425,0.10017663386323498,0.10017663386323496
2015-03-03,4.796,4.796,4.796,4.796,852.0,300425,0.09999999999999998,0.09999999999999998
2015-03-04,5.276,5.276,5.276,5.276,1300.0,300425,0.1000834028356963,0.1000834028356963
2015-03-05,5.803,5.803,5.803,5.803,807.0,300425,0.09988627748294165,0.09988627748294164
2015-03-06,6.3839999999999995,6.3839999999999995,6.3839999999999995,6.3839999999999995,2529.0,300425,0.10012062726176107,0.10012062726176107
2015-03-09,7.023,7.023,7.023,6.71,115580.0,300425,0.10009398496240605,0.10009398496240604
2015-03-10,7.166,6.487,7.166,6.3839999999999995,86223.0,300425,-0.07632066068631634,-0.07632066068631634
2015-03-11,6.303,6.3870000000000005,6.5870000000000015,6.193,54655.0,300425,-0.015415446277169668,-0.015415446277169668
2015-03-12,6.327000000000001,6.026,6.372000000000001,5.796,52727.0,300425,-0.05652105839987484,-0.05652105839987484
2015-03-13,6.018,6.205,6.263,6.017,28405.0,300425,0.029704613342183914,0.029704613342183918
2015-03-16,6.284,6.358,6.499,6.245,42549.0,300425,0.024657534246575276,0.024657534246575283
2015-03-17,6.308,6.358,6.436,6.254,32634.0,300425,0.0,0.0
2015-03-18,6.369,6.46,6.624,6.305,41357.0,300425,0.016042780748663152,0.016042780748663152
2015-03-19,6.415,6.773,6.773,6.364,39622.0,300425,0.048452012383900886,0.048452012383900886
2015-03-20,6.735,6.6679999999999975,6.7970000000000015,6.577000000000001,30855.0,300425,-0.01550273143363387,-0.015502731433633869
2015-03-23,6.71,6.7410000000000005,6.7570000000000014,6.584,30495.0,300425,0.01094781043791288,0.01094781043791288
2015-03-24,6.7860000000000005,7.273,7.407,6.683,45784.0,300425,0.07892004153686383,0.07892004153686383
2015-03-25,7.16,7.31,7.44,7.085,33064.0,300425,0.005087309225904018,0.005087309225904018
2015-03-26,7.165,6.787999999999999,7.165,6.7360000000000015,33081.0,300425,-0.07140902872777022,-0.07140902872777022
2015-03-27,6.76,6.818,6.9170000000000025,6.7570000000000014,14333.32,300425,0.004419563936358316,0.004419563936358316
2015-03-30,6.803999999999999,6.629,6.9639999999999995,6.55,22170.0,300425,-0.027720739219712534,-0.02772073921971253
2015-03-31,6.629,6.644,6.7170000000000005,6.586,14656.0,300425,0.002262784733745749,0.002262784733745749
2015-04-01,6.66,6.893,6.919,6.646,17240.0,300425,0.03747742323901259,0.03747742323901259
2015-04-02,6.893,7.093999999999999,7.178,6.797999999999999,22641.0,300425,0.029160017408965563,0.029160017408965563
2015-04-03,6.921,7.185,7.276,6.882999999999999,28694.0,300425,0.012827741753594616,0.012827741753594616
2015-04-07,7.211,7.608,7.647,7.132999999999999,30103.0,300425,0.058872651356993745,0.05887265135699375
2015-06-15,8.369,8.369,8.369,8.369,116.0,300425,0.10002628811777078,0.10002628811777076
2015-06-16,9.205,9.205,9.205,9.205,421.0,300425,0.09989246027004425,0.09989246027004424
2015-06-17,10.126,10.126,10.126,10.126,1416.0,300425,0.10005431830526881,0.1000543183052688
2015-06-18,10.767000000000001,11.056,11.138,10.54,28685.0,300425,0.09184278095990517,0.09184278095990517
2015-06-19,10.423,9.951,10.889000000000001,9.951,36151.0,300425,-0.09994573082489135,-0.09994573082489136
2015-06-23,9.591000000000001,10.540999999999999,10.796,9.456,30312.0,300425,0.05929052356547061,0.05929052356547061
2015-06-24,10.709000000000001,10.772,11.040999999999999,10.425,23144.0,300425,0.021914429371027576,0.021914429371027576
2015-06-25,10.845,10.076,11.552999999999999,9.802999999999999,24615.0,300425,-0.06461195692536202,-0.06461195692536202
2015-06-26,9.559,9.068,9.802999999999999,9.068,22416.0,300425,-0.10003969829297349,-0.10003969829297348
2015-06-29,9.145,8.161,9.307,8.161,22562.0,300425,-0.10002205558006176,-0.10002205558006176
2015-06-30,8.065,8.201,8.669,7.345,31579.0,300425,0.004901360127435477,0.004901360127435478
2015-07-01,8.076,7.7929999999999975,8.681000000000001,7.7929999999999975,22957.0,300425,-0.04975003048408767,-0.04975003048408767
2015-07-02,7.5829999999999975,7.148,8.161,7.146,21060.0,300425,-0.08276658539715104,-0.08276658539715104
2015-07-03,7.141,6.459,7.444,6.433,27193.0,300425,-0.09639059876888642,-0.09639059876888642
2015-07-06,7.105,7.105,7.105,6.459,44022.0,300425,0.10001548227279777,0.10001548227279776
2015-07-07,6.577000000000001,6.394,6.935,6.394,16543.0,300425,-0.10007037297677696,-0.10007037297677696
2015-07-08,5.755,5.755,6.1370000000000005,5.755,36142.0,300425,-0.09993744135126685,-0.09993744135126684
2015-07-14,6.331,6.331,6.331,6.331,80.0,300425,0.10008688097306699,0.10008688097306699
2015-07-15,6.9639999999999995,6.9639999999999995,6.9639999999999995,6.9639999999999995,1363.0,300425,0.09998420470699716,0.09998420470699716
2015-07-16,6.638999999999999,7.47,7.66,6.341,39674.0,300425,0.07265939115450894,0.07265939115450894
2015-07-17,7.447,8.217,8.217,7.447,24122.0,300425,0.1000000000000001,0.1000000000000001
2015-07-20,8.624,8.385,8.869,8.272,26567.0,300425,0.02044541803577939,0.02044541803577939
2015-07-21,8.19,9.224,9.224,8.101,22287.0,300425,0.10005963029218848,0.10005963029218848
2015-07-22,9.224,9.672,9.902000000000001,8.885,27027.0,300425,0.04856895056374679,0.04856895056374679
2015-07-23,9.657,10.409,10.572000000000001,9.309,26549.0,300425,0.0761993382961125,0.0761993382961125
2015-07-24,10.237,9.815,10.651,9.555,26440.0,300425,-0.05706600057642436,-0.057066000576424365
2015-07-27,9.617,8.834,9.988999999999999,8.834,25197.0,300425,-0.0999490575649516,-0.0999490575649516
2015-07-28,8.029,8.823,9.205,8.004,27128.0,300425,-0.0012451890423363407,-0.0012451890423363409
2015-07-29,9.033999999999999,9.232000000000001,9.31,8.19,22127.0,300425,0.046356114700215424,0.046356114700215424
2015-07-30,9.056000000000001,8.446,9.298,8.437999999999999,19941.0,300425,-0.08513864818024278,-0.08513864818024278
2015-07-31,8.175,8.092,8.607999999999999,8.005,18882.0,300425,-0.04191333175467668,-0.04191333175467668
2015-08-03,7.942,7.3439999999999985,8.066,7.282999999999999,18817.0,300425,-0.09243697478991621,-0.0924369747899162
2015-08-04,7.567,8.078,8.078,7.463999999999999,14947.0,300425,0.09994553376906332,0.09994553376906333
2015-08-05,8.212,8.314,8.684,8.128,20991.0,300425,0.029215152265412315,0.02921515226541232
2015-08-06,8.073,9.145,9.145,7.945,25819.0,300425,0.09995188838104396,0.09995188838104396
2015-08-07,9.056000000000001,9.506,9.541,8.86,22661.0,300425,0.03947512301804272,0.03947512301804272
2015-08-10,9.432,9.667,9.925,9.426,18297.0,300425,0.01693667157584679,0.01693667157584679
2015-08-11,9.66,9.277000000000001,9.774,9.267000000000001,19563.0,300425,-0.04034343643322632,-0.04034343643322632
2015-08-12,9.257,9.121,9.54,9.099,13057.0,300425,-0.01681578096367366,-0.01681578096367366
2015-08-13,9.196,9.506,9.628,9.121,13499.0,300425,0.04221028396009207,0.04221028396009207
2015-08-14,9.544,9.493,9.755,9.149,17143.0,300425,-0.0013675573322112246,-0.0013675573322112244
2015-08-17,9.369,9.183,9.406,9.006,8854.0,300425,-0.03265564099863062,-0.032655640998630615
2015-08-18,9.085,8.32,9.384,8.264,15467.0,300425,-0.0939780028313187,-0.0939780028313187
2015-08-19,8.252,8.686,8.686,7.5829999999999975,16894.0,300425,0.04399038461538457,0.04399038461538457
2015-08-28,7.818,8.484,8.671,7.818,31371.0,300425,-0.02325581395348837,-0.02325581395348837
2015-08-31,8.041,7.635,8.079,7.635,14864.0,300425,-0.1000707213578501,-0.1000707213578501
2015-09-01,7.197,6.872000000000001,7.197,6.872000000000001,14979.0,300425,-0.09993451211525856,-0.09993451211525856
2015-09-02,6.3260000000000005,6.185,7.047999999999999,6.185,17524.0,300425,-0.09997089639115266,-0.09997089639115267
2015-09-07,6.329,6.19,6.6770000000000005,5.959,20093.0,300425,0.00080840743734855,0.00080840743734855
2015-09-08,6.1670000000000025,6.664,6.7010000000000005,5.985,16114.0,300425,0.07657512116316628,0.07657512116316627
2015-09-09,6.825,7.062,7.1720000000000015,6.705,23500.0,300425,0.05972388955582242,0.059723889555822425
2015-09-10,6.9479999999999995,7.1720000000000015,7.48,6.8370000000000015,24057.0,300425,0.01557632398753911,0.015576323987539109
2015-09-11,7.16,7.222,7.316,7.015,13050.0,300425,0.006971556051310502,0.006971556051310502
2015-09-14,7.3210000000000015,6.5,7.34,6.5,15508.0,300425,-0.09997230684021052,-0.09997230684021052
2015-09-15,6.314,6.347,6.6229999999999976,6.171,10754.0,300425,-0.023538461538461473,-0.023538461538461473
2015-09-16,6.415,6.949,6.983,6.367000000000001,13539.0,300425,0.09484795966598383,0.09484795966598383
2015-09-17,6.912000000000001,6.877999999999999,7.222,6.785,16813.0,300425,-0.010217297452871007,-0.010217297452871008
2015-09-18,6.98,6.93,7.058,6.827000000000001,11248.0,300425,0.007560337307356862,0.0075603373073568625
2015-09-21,6.7010000000000005,7.391,7.474,6.676,19485.0,300425,0.06652236652236657,0.06652236652236658
2015-09-22,7.4579999999999975,7.7410000000000005,7.9170000000000025,7.444,21898.0,300425,0.04735489108375058,0.04735489108375058
2015-09-23,7.645,7.952000000000001,8.15,7.569,20467.0,300425,0.027257460276450107,0.02725746027645011
2015-09-24,7.943,8.34,8.5,7.942,16409.0,300425,0.04879275653923528,0.04879275653923528
2015-09-25,8.19,8.066,8.648,7.651,19217.0,300425,-0.03285371702637879,-0.03285371702637878
2015-09-28,8.066,8.63,8.673,7.999,14914.0,300425,0.06992313414331763,0.06992313414331762
2015-09-29,8.324,8.326,8.561,8.152999999999999,12201.0,300425,-0.03522595596755507,-0.03522595596755507
2015-09-30,8.401,8.101,8.472999999999999,7.859,13313.0,300425,-0.027023780927215905,-0.027023780927215902
2015-10-08,8.562000000000001,8.752,8.825,8.314,15442.0,300425,0.08036044932724351,0.08036044932724351
2015-10-09,8.752,8.826,8.86,8.578,8636.0,300425,0.008455210237659945,0.008455210237659945
2015-10-12,8.831,9.209,9.375,8.81,14165.0,300425,0.04339451620212997,0.04339451620212997
2015-10-13,9.13,9.121,9.267000000000001,8.91,16150.0,300425,-0.00955586925833415,-0.00955586925833415
2015-10-14,9.01,9.046,9.245,8.847999999999997,12873.0,300425,-0.008222782589628446,-0.008222782589628445
2015-10-15,8.972000000000003,9.679,9.68,8.841000000000003,16698.0,300425,0.0699756798585011,0.0699756798585011
2015-10-16,9.865,9.927,10.09,9.68,18600.0,300425,0.02562248166132858,0.02562248166132858
2015-10-19,10.286,9.927,10.423,9.757,15226.0,300425,0.0,0.0
2015-10-20,9.927,10.15,10.152000000000001,9.809,12699.0,300425,0.022463987105872947,0.022463987105872947
2015-10-21,10.387,9.402000000000001,10.754000000000001,9.307,20891.0,300425,-0.07369458128078811,-0.07369458128078811
2015-10-22,9.617,9.937000000000001,10.014,9.466000000000001,16199.0,300425,0.05690278664114019,0.056902786641140186
2015-10-23,9.937999999999999,10.931,10.931,9.736,23548.0,300425,0.10003019019824876,0.10003019019824876
2015-10-26,11.445,10.812999999999999,11.689,10.616,27762.0,300425,-0.010794986734973958,-0.010794986734973958
2015-10-27,10.546,11.229000000000001,11.292,9.763,18768.0,300425,0.038472209377601235,0.038472209377601235
2015-10-28,10.948,10.364,11.445,10.32,39613.0,300425,-0.07703268323091995,-0.07703268323091995
2015-10-29,10.697000000000001,11.03,11.401,10.450999999999999,52829.0,300425,0.06426090312620596,0.06426090312620596
2015-10-30,10.675,10.540999999999999,10.770999999999999,10.347999999999999,43919.0,300425,-0.04433363553943797,-0.04433363553943797
2015-11-02,10.107000000000001,10.58,11.027000000000001,9.84,42015.0,300425,0.0036998387249787953,0.0036998387249787953
2015-11-03,10.432,10.530999999999999,10.738,10.2,28161.0,300425,-0.004631379962192936,-0.004631379962192936
2015-11-04,10.525,11.167,11.229000000000001,10.525,47422.0,300425,0.06039312505934869,0.060393125059348685
2015-11-05,11.302999999999999,10.724,11.302999999999999,10.648,41569.0,300425,-0.03967045759828061,-0.03967045759828061
2015-11-06,10.727,11.431,11.462,10.648,61755.0,300425,0.06592689295039154,0.06592689295039154
2015-11-09,11.187999999999999,12.177,12.524000000000001,10.946,60033.0,300425,0.06526113200944804,0.06526113200944804
2015-11-10,11.98,12.338,12.969000000000001,11.699000000000002,60381.0,300425,0.013221647367988799,0.0132216473679888
2015-11-11,12.447000000000001,12.927999999999999,12.927999999999999,12.020999999999999,60396.0,300425,0.04781974388069379,0.04781974388069379
2015-11-12,13.052999999999999,13.299000000000001,13.569,12.562000000000001,60872.0,300425,0.028697400990099185,0.02869740099009918
2015-11-13,12.887,12.089,13.142999999999999,12.043,65321.0,300425,-0.09098428453267168,-0.09098428453267167
2015-11-16,11.685,12.255999999999998,12.362,11.573,26554.0,300425,0.013814211266440403,0.013814211266440404
2015-11-17,12.368,12.305,12.722999999999999,12.144,41295.0,300425,0.003998041775457023,0.003998041775457022
2015-11-18,12.193,11.404000000000002,12.412,11.385,39432.0,300425,-0.07322226737098725,-0.07322226737098725
2015-11-19,11.467,11.8,11.870999999999999,11.404000000000002,35218.0,300425,0.03472465801473158,0.03472465801473158
2015-11-20,11.841,12.704,12.802,11.841,59174.0,300425,0.07661016949152541,0.07661016949152541
2015-11-23,12.395,12.696,13.232999999999999,12.368,58217.0,300425,-0.0006297229219144281,-0.0006297229219144281
2015-11-24,12.526,13.132,13.16,12.442,43708.0,300425,0.034341524889729046,0.03434152488972905
2015-11-25,13.214,13.037,13.242,12.696,44138.0,300425,-0.007234236978373353,-0.007234236978373354
2015-11-26,13.037,12.460999999999999,13.064,12.409,41444.0,300425,-0.04418194369870386,-0.04418194369870386
2015-11-27,12.289000000000001,11.74,12.693,11.522,41488.0,300425,-0.05786052483749285,-0.05786052483749285
2015-11-30,11.89,11.795,11.895999999999999,10.921,37873.0,300425,0.004684838160136262,0.004684838160136262
2015-12-01,11.685,12.15,12.889000000000001,11.511,45680.0,300425,0.030097498940228947,0.03009749894022895
2015-12-02,11.958,11.407,12.133,10.948,31930.0,300425,-0.06115226337448562,-0.06115226337448563
2015-12-03,11.309000000000001,11.579,11.901,11.309000000000001,20840.0,300425,0.015078460594371929,0.015078460594371929
2015-12-04,11.644,11.429,12.01,11.194,23947.0,300425,-0.012954486570515619,-0.01295448657051562
2015-12-07,11.429,11.549000000000001,11.603,11.3,14867.0,300425,0.010499606264765158,0.010499606264765158
2015-12-08,11.515999999999998,11.175,11.543,11.112,22294.0,300425,-0.032383756169365355,-0.032383756169365355
2015-12-09,11.175,10.757,11.276,10.683,19422.0,300425,-0.0374049217002238,-0.0374049217002238
2015-12-10,10.757,10.692,10.831,10.620999999999999,18135.0,300425,-0.006042576926652366,-0.006042576926652366
2015-12-11,10.776,10.921,11.025,10.648,15030.0,300425,0.021417882528993567,0.02141788252899357
2015-12-14,10.735,11.085,11.107000000000001,10.648,17065.0,300425,0.015016939840674067,0.015016939840674069
2015-12-15,11.005999999999998,11.167,11.363,11.005999999999998,16448.0,300425,0.007397383852052229,0.0073973838520522295
2015-12-16,11.123,12.283,12.283,11.123,44345.0,300425,0.09993731530402075,0.09993731530402077
2015-12-17,12.722999999999999,12.573,13.078,12.259,76024.0,300425,0.023609867296263205,0.023609867296263205
2015-12-18,12.289000000000001,12.280999999999999,12.854000000000001,12.207,41530.0,300425,-0.023224369681062722,-0.02322436968106272
2015-12-21,12.013,12.477,12.777000000000001,11.972000000000001,33587.0,300425,0.01595961240941304,0.01595961240941304
2015-12-22,12.423,12.401,12.507,12.136,23070.0,300425,-0.006091207822393244,-0.006091207822393244
2015-12-23,12.322000000000001,12.341,12.442,11.74,32979.0,300425,-0.004838319490363721,-0.004838319490363721
2015-12-24,12.18,12.402999999999999,12.409,11.877,19459.0,300425,0.005023904059638554,0.005023904059638554
2015-12-25,12.504000000000001,12.709000000000001,12.722999999999999,12.286,31396.0,300425,0.024671450455535173,0.024671450455535173
2015-12-28,12.573,12.312999999999999,12.72,12.015999999999998,26615.0,300425,-0.03115902116610296,-0.031159021166102963
2015-12-29,12.073,12.382,12.395,12.017999999999999,17057.0,300425,0.005603833346869231,0.005603833346869231
2015-12-30,12.286,12.272,12.45,12.18,11233.0,300425,-0.00888386367307377,-0.00888386367307377
2015-12-31,12.36,12.171,12.545,12.144,15555.0,300425,-0.008230117340286901,-0.008230117340286901
2016-01-04,12.204,10.954,12.204,10.954,20196.0,300425,-0.09999178374825395,-0.09999178374825396
2016-01-05,10.088,10.156,10.855,9.859,26086.0,300425,-0.07285010041993792,-0.07285010041993792
2016-01-06,10.265999999999998,10.347999999999999,10.525,9.829,19500.0,300425,0.018905080740448835,0.018905080740448842
2016-01-07,10.102,9.316,10.102,9.312999999999999,6620.0,300425,-0.09972941631233073,-0.09972941631233072
2016-01-08,9.6,9.086,9.67,8.464,20007.0,300425,-0.024688707599828295,-0.02468870759982829
2016-01-11,8.772,8.177,8.851,8.177,20326.0,300425,-0.1000440237728374,-0.1000440237728374
2016-01-12,8.191,8.262,8.453,7.947999999999999,13949.0,300425,0.0103950103950105,0.0103950103950105
2016-01-13,8.327,7.765,8.434,7.47,14404.0,300425,-0.060154926167998155,-0.06015492616799816
2016-01-14,7.372000000000001,8.133,8.218,7.284,15126.0,300425,0.04739214423696065,0.04739214423696065
2016-01-15,8.0,7.754,8.232000000000001,7.459,16015.0,300425,-0.04660027050288942,-0.04660027050288942
2016-01-18,7.548999999999999,8.011000000000001,8.155,7.548999999999999,14290.0,300425,0.03314418364715005,0.03314418364715005
2016-01-19,8.024,8.251,8.327,7.836,18648.0,300425,0.029958806640868606,0.029958806640868606
2016-01-20,8.177,8.062000000000001,8.324,8.032,15544.0,300425,-0.02290631438613481,-0.02290631438613481
2016-01-21,8.054,7.699,8.187999999999999,7.516,15162.0,300425,-0.045026048127015786,-0.04502604812701578
2016-01-22,7.7570000000000014,7.909,8.0,7.522,10788.0,300425,0.02727626964540849,0.02727626964540849
2016-01-25,7.972,8.701,8.701,7.934,36174.0,300425,0.10013908205841456,0.10013908205841457
2016-01-26,8.707,8.696,9.488,8.431000000000001,58011.0,300425,-0.0005746465923457971,-0.0005746465923457971
2016-04-12,9.567,9.567,9.567,9.567,3569.0,300425,0.10016099356025765,0.10016099356025764
2016-04-13,10.047,9.883,10.375,9.264,67815.0,300425,0.03303020800668955,0.03303020800668955
2016-04-14,9.892000000000001,9.632,10.017000000000001,9.559,32997.0,300425,-0.02539714661540013,-0.025397146615400133
2016-04-15,9.594,9.717,10.129,9.501,28065.0,300425,0.008824750830564873,0.008824750830564873
2016-04-18,9.607999999999999,9.28,9.607999999999999,9.1,22189.0,300425,-0.04497272820829486,-0.044972728208294864
2016-04-19,9.419,9.22,9.517999999999999,9.195,14917.0,300425,-0.006465517241379173,-0.0064655172413791715
2016-04-20,9.316,8.461,9.316,8.365,32054.0,300425,-0.08232104121475058,-0.08232104121475058
2016-04-21,8.486,8.341000000000001,8.57,8.327,14215.0,300425,-0.01418272071859109,-0.01418272071859109
2016-04-22,8.3,8.344,8.376,8.038,21400.0,300425,0.0003596691044237306,0.0003596691044237307
2016-04-25,8.294,8.486,8.573,8.082,19247.0,300425,0.017018216682646362,0.017018216682646362
2016-04-26,8.464,8.595,8.628,8.39,12371.0,300425,0.012844685364129152,0.012844685364129152
2016-04-27,8.597999999999999,8.324,8.625,8.3,18689.0,300425,-0.03152995927865047,-0.03152995927865047
2016-04-28,8.311,9.157,9.157,8.248,43030.0,300425,0.1000720807304181,0.1000720807304181
2016-04-29,9.16,9.171,9.425,9.013,41198.0,300425,0.0015288850060062626,0.0015288850060062626
2016-05-03,9.299,9.272,9.389,8.933,47766.0,300425,0.011012975684222099,0.0110129756842221
2016-05-04,9.201,9.048,9.247,9.007,37335.0,300425,-0.024158757549611755,-0.024158757549611755
2016-05-05,9.007,9.002,9.1,8.914,23446.0,300425,-0.005083996463306739,-0.005083996463306739
2016-05-06,8.996,8.532,9.075,8.355,34859.0,300425,-0.0522106198622529,-0.0522106198622529
2016-05-09,8.442,8.204,8.494,8.049,18478.0,300425,-0.03844350679793711,-0.03844350679793712
2016-05-10,8.191,8.172,8.314,8.131,9318.0,300425,-0.003900536323744518,-0.0039005363237445173
2016-05-11,8.142000000000001,8.041,8.256,7.972,10627.0,300425,-0.01603034752814491,-0.01603034752814491
2016-05-12,7.972,8.054,8.054,7.6720000000000015,14488.0,300425,0.0016167143390125483,0.0016167143390125485
2016-05-13,8.054,8.106,8.357000000000001,8.024,10331.0,300425,0.006456419170598411,0.006456419170598411
2016-05-16,8.103,8.005,8.103,7.858,18146.0,300425,-0.01245990624228955,-0.01245990624228955
2016-05-17,7.926,8.245,8.294,7.926,16743.0,300425,0.029981261711430156,0.029981261711430163
2016-05-18,8.136000000000001,7.89,8.136000000000001,7.636,19056.0,300425,-0.04305639781685865,-0.04305639781685865
2016-05-19,7.9179999999999975,7.849,8.06,7.8279999999999985,14717.0,300425,-0.0051964512040557015,-0.005196451204055702
2016-05-20,7.712999999999999,7.852,7.862999999999999,7.664,10455.0,300425,0.00038221429481464055,0.00038221429481464055
2016-05-23,7.871,7.997000000000001,8.187999999999999,7.862999999999999,14130.0,300425,0.01846663270504336,0.01846663270504336
2016-05-24,8.027000000000001,7.9860000000000015,8.046,7.825,9420.0,300425,-0.001375515818431816,-0.001375515818431816
2016-05-25,7.959,8.786,8.786,7.959,57244.0,300425,0.10017530678687678,0.10017530678687678
2016-05-26,8.756,8.75,8.789,8.347999999999999,48422.0,300425,-0.004097427725927565,-0.004097427725927564
2016-05-27,8.627,9.068,9.197000000000001,8.542,76553.0,300425,0.0363428571428571,0.0363428571428571
2016-05-30,8.917,8.632,9.068,8.622,37691.0,300425,-0.048081164534627255,-0.048081164534627255
2016-05-31,8.709,8.873,8.978,8.545,51881.0,300425,0.027919369786839628,0.027919369786839628
2016-06-01,8.871,8.982999999999997,9.079,8.805,48428.0,300425,0.012397159923362749,0.012397159923362749
2016-06-02,8.95,8.982999999999997,9.087,8.873,40429.0,300425,0.0,0.0
2016-06-03,9.024,9.145,9.295,8.95,54164.0,300425,0.01803406434376073,0.01803406434376073
2016-06-06,9.158,8.936,9.257,8.904,34348.0,300425,-0.022854018589393073,-0.02285401858939308
2016-06-07,8.967,8.884,9.024,8.737,26910.0,300425,-0.0058191584601611016,-0.005819158460161102
2016-06-08,8.868,8.961,9.016,8.737,23789.0,300425,0.008667266996848262,0.008667266996848262
2016-06-13,8.818999999999997,8.066,8.818999999999997,8.066,44472.0,300425,-0.09987724584309782,-0.09987724584309783
2016-06-14,8.104,8.066,8.104,7.862999999999999,24192.0,300425,0.0,0.0
2016-06-15,7.942,8.394,8.441,7.888,24062.0,300425,0.04066451772873783,0.04066451772873783
2016-06-16,8.353,8.167,8.359,8.142000000000001,18635.0,300425,-0.027043126042411283,-0.027043126042411283
2016-06-17,8.112,8.211,8.427,8.112,15484.0,300425,0.005387535202644849,0.005387535202644849
2016-06-20,8.26,8.339,8.372,8.082,14618.0,300425,0.015588844233345526,0.015588844233345524
2016-06-21,8.356,8.142000000000001,8.49,8.129,19870.0,300425,-0.02362393572370778,-0.02362393572370778
2016-06-22,8.115,8.167,8.167,7.9510000000000005,39290.0,300425,0.0030704986489804194,0.0030704986489804194
2016-06-23,8.193999999999999,8.137,8.202,8.052,18523.0,300425,-0.0036733194563486424,-0.0036733194563486416
2016-06-24,8.189,8.035,8.282,7.499,27999.0,300425,-0.01253533243210032,-0.01253533243210032
2016-06-27,7.975,8.257,8.265,7.89,27964.0,300425,0.02762912258867449,0.02762912258867449
2016-06-28,8.216000000000001,8.328,8.363999999999999,8.189,41418.0,300425,0.00859876468451008,0.008598764684510079
2016-06-29,8.367,8.586,8.758,8.367,56386.0,300425,0.030979827089337286,0.03097982708933729
2016-06-30,8.572000000000001,8.671,8.671,8.427,34858.0,300425,0.009899836943861992,0.009899836943861992
2016-07-01,8.777999999999999,8.468,8.791,8.46,32462.0,300425,-0.023411371237458126,-0.02341137123745813
2016-07-04,8.463,8.616,8.654,8.402000000000001,27520.0,300425,0.017477562588568692,0.017477562588568692
2016-07-05,8.641,8.961,9.282,8.638,62119.0,300425,0.04004178272980509,0.04004178272980509
2016-07-06,8.794,8.846,8.895,8.709,37165.0,300425,-0.012833389130677404,-0.012833389130677405
2016-07-07,8.843,8.712,8.945,8.642999999999999,33528.0,300425,-0.015148089531991898,-0.015148089531991897
2016-07-08,8.764,8.846,8.978,8.654,34322.0,300425,0.015381083562901784,0.015381083562901784
2016-07-11,8.846,8.731,8.956,8.712,30984.0,300425,-0.01300022609088856,-0.013000226090888559
2016-07-12,8.668,8.827,8.832,8.564,26380.0,300425,0.010995304088878718,0.01099530408887872
2016-07-13,8.827,8.904,8.997,8.791,32271.0,300425,0.008723235527359234,0.008723235527359234
2016-07-14,8.931000000000003,8.865,8.953,8.818999999999997,21296.0,300425,-0.004380053908355761,-0.004380053908355761
2016-07-15,8.838,8.737,8.887,8.698,17504.0,300425,-0.014438804286520035,-0.014438804286520038
2016-07-18,8.684,8.665,8.769,8.575,14643.0,300425,-0.008240814925031583,-0.008240814925031583
2016-07-19,8.69,8.821,8.83,8.642999999999999,16817.0,300425,0.01800346220427012,0.01800346220427012
2016-07-20,8.846,8.734,8.898,8.72,15149.0,300425,-0.009862827343838539,-0.00986282734383854
2016-07-21,8.704,8.722999999999999,8.816,8.676,17678.0,300425,-0.001259445843828831,-0.0012594458438288313
2016-07-22,8.745,8.435,8.75,8.394,21126.0,300425,-0.033016164163704974,-0.033016164163704974
2016-07-25,8.381,8.345,8.485,8.293,13178.0,300425,-0.010669828097213972,-0.010669828097213972
2016-07-26,8.345,8.531,8.556000000000001,8.345,14938.0,300425,0.022288795686039538,0.022288795686039538
2016-07-27,8.572000000000001,8.066,8.586,8.03,31298.0,300425,-0.05450709178290937,-0.05450709178290937
2016-07-28,8.09,8.129,8.232999999999999,8.027000000000001,14749.0,300425,0.007810562856434271,0.00781056285643427
2016-07-29,8.134,8.049,8.183,7.997000000000001,12680.0,300425,-0.009841308894082922,-0.009841308894082922
2016-08-01,7.978,8.107000000000001,8.158999999999999,7.86,14371.0,300425,0.00720586408249492,0.00720586408249492
2016-08-02,8.12,8.129,8.161,8.055,9340.0,300425,0.00271370420624133,0.00271370420624133
2016-08-03,8.156,8.052,8.156,8.052,12285.0,300425,-0.009472259810554799,-0.0094722598105548
2016-08-11,8.517000000000001,8.337,8.767000000000001,8.29,50037.0,300425,0.035394932935916563,0.035394932935916563
2016-08-12,8.079,8.298,8.367,8.079,23764.0,300425,-0.004677941705649479,-0.004677941705649479
2016-08-15,8.271,8.43,8.545,8.139,29419.0,300425,0.015907447577729533,0.015907447577729533
2016-08-16,8.435,8.454,8.517000000000001,8.381,19272.0,300425,0.0028469750889680797,0.00284697508896808
2016-08-17,8.454,8.533999999999999,8.594,8.383,18858.0,300425,0.00946297610598513,0.00946297610598513
2016-08-18,8.545,8.468,8.572000000000001,8.449,13636.0,300425,-0.0077337707991561935,-0.0077337707991561935
2016-08-19,8.457,8.533999999999999,8.572000000000001,8.419,15180.0,300425,0.007794048181388634,0.007794048181388635
2016-08-22,8.533999999999999,8.586,8.586,8.408,16349.0,300425,0.006093273962971805,0.0060932739629718045
2016-08-23,8.559,8.709,8.873,8.545,36378.0,300425,0.014325646401118022,0.014325646401118022
2016-08-24,8.635,8.613,8.841000000000003,8.602,26900.0,300425,-0.011023079572855676,-0.011023079572855676
2016-08-25,8.613,8.474,8.654,8.383,17360.0,300425,-0.0161383954487402,-0.0161383954487402
2016-08-26,8.542,8.846,8.879,8.504,35606.0,300425,0.043898985130988895,0.043898985130988895
2016-08-29,8.846,9.476,9.731,8.841000000000003,126237.0,300425,0.07121862988921555,0.07121862988921555
2016-08-30,9.312000000000001,9.12,9.366,9.046,68702.0,300425,-0.037568594343605065,-0.037568594343605065
2016-08-31,9.093,9.097999999999999,9.257,9.038,37136.0,300425,-0.0024122807017544125,-0.0024122807017544125
2016-09-01,9.113999999999999,9.097999999999999,9.246,9.071,28964.0,300425,0.0,0.0
2016-09-02,9.145,8.967,9.147,8.904,28100.0,300425,-0.014398768960210867,-0.014398768960210868
2016-09-05,9.062000000000001,8.994,9.097999999999999,8.841000000000003,20993.0,300425,0.003011040481766393,0.003011040481766393
2016-09-06,8.999,9.388,9.517000000000001,8.791,46182.0,300425,0.04380698243273295,0.04380698243273295
2016-09-07,9.309,9.572000000000001,9.963,9.309,73443.0,300425,0.019599488708990313,0.01959948870899032
2016-09-08,9.58,9.555,9.627,9.357999999999999,29701.0,300425,-0.0017760133723361089,-0.0017760133723361087
2016-09-09,9.525,9.267999999999999,9.58,9.265,26226.0,300425,-0.03003663003663012,-0.030036630036630117
2016-09-12,9.038,9.586,9.857000000000001,8.901,83550.0,300425,0.034311609840310904,0.034311609840310904
2016-09-13,9.744,9.772,10.048,9.427,99081.0,300425,0.01940329647402461,0.019403296474024608
2016-09-14,9.586,9.523,9.67,9.325,40070.0,300425,-0.02548096602537869,-0.02548096602537869
2016-09-19,9.58,9.731,9.802,9.462,37412.0,300425,0.021841856557807435,0.02184185655780744
2016-09-20,9.75,9.966000000000001,9.991,9.605,51799.0,300425,0.024149624910081307,0.02414962491008131
2016-09-21,9.908999999999999,9.747,9.95,9.695,35686.0,300425,-0.021974714027694277,-0.02197471402769428
2016-09-22,9.832,9.547,9.847999999999999,9.536,39520.0,300425,-0.020519134092541223,-0.020519134092541226
2016-09-23,9.479,9.55,9.72,9.451,22383.0,300425,0.0003142348381690702,0.00031423483816907016
2016-09-26,9.531,9.476,9.684,9.451,30919.0,300425,-0.007748691099476423,-0.007748691099476423
2016-09-27,9.49,9.193999999999999,9.586,8.95,39593.0,300425,-0.02975939214858609,-0.029759392148586087
2016-09-28,9.202,8.991,9.202,8.961,21052.0,300425,-0.022079617141614032,-0.022079617141614032
2016-09-29,9.002,8.999,9.12,8.982999999999997,13937.0,300425,0.0008897786675565449,0.0008897786675565449
2016-09-30,9.041,9.057,9.113999999999999,9.005,8915.0,300425,0.006445160573397024,0.006445160573397024
2016-10-10,9.167,9.328,9.355,9.038,26016.0,300425,0.029921607596334217,0.029921607596334217
2016-10-11,9.32,9.251,9.32,9.15,26452.0,300425,-0.008254716981132072,-0.008254716981132072
2016-10-12,9.24,9.06,9.24,8.999,33069.0,300425,-0.02064641660361031,-0.02064641660361031
2016-10-13,9.093,9.668,9.709,9.093,85106.0,300425,0.06710816777041928,0.06710816777041928
2016-10-14,9.564,9.536,9.58,9.408,39728.0,300425,-0.013653289201489416,-0.013653289201489416
2016-10-17,9.501,9.383,9.658999999999999,9.26,41385.0,300425,-0.016044463087248374,-0.016044463087248374
2016-10-18,9.383,9.503,9.558,9.355,31678.0,300425,0.012789086646062134,0.012789086646062134
2016-10-19,9.52,9.366,9.544,9.29,34557.0,300425,-0.014416500052615012,-0.014416500052615012
2016-10-20,9.375,9.265,9.421,9.191,31295.0,300425,-0.01078368567157795,-0.01078368567157795
2016-10-21,9.23,9.106,9.394,9.002,31429.0,300425,-0.01716135995682684,-0.01716135995682684
2016-10-24,9.01,9.12,9.216000000000001,8.986,31790.0,300425,0.0015374478365911867,0.0015374478365911867
2016-10-25,9.095,9.15,9.167,9.041,22834.0,300425,0.0032894736842106515,0.0032894736842106515
2016-10-26,9.172,9.021,9.177,8.991,24361.0,300425,-0.014098360655737656,-0.014098360655737656
2016-10-27,9.005,9.106,9.117,8.927999999999997,22647.0,300425,0.009422458707460267,0.009422458707460269
2016-10-28,9.09,8.818999999999997,9.09,8.78,30497.0,300425,-0.03151768065012108,-0.03151768065012108
2016-10-31,8.786,8.906,8.982999999999997,8.777999999999999,14944.0,300425,0.009865064066221037,0.009865064066221035
2016-11-01,8.887,9.038,9.065,8.887,18594.0,300425,0.014821468672804813,0.014821468672804813
2016-11-02,9.005,8.873,9.01,8.841000000000003,21481.0,300425,-0.018256251383049447,-0.018256251383049447
2016-11-03,8.802,8.904,8.964,8.802,23433.0,300425,0.00349374506931146,0.00349374506931146
2016-11-04,8.873,8.879,8.931000000000003,8.835,13593.0,300425,-0.0028077268643306777,-0.002807726864330677
2016-11-07,8.879,9.016,9.065,8.873,23109.0,300425,0.015429665502871996,0.015429665502871996
2016-11-08,9.024,9.03,9.106,8.964,18828.0,300425,0.001552795031055828,0.0015527950310558279
2016-11-09,9.038,8.906,9.071,8.767000000000001,22113.0,300425,-0.013732004429678714,-0.013732004429678714
2016-11-10,9.073,9.065,9.093,8.978,19539.0,300425,0.017853132719514813,0.017853132719514813
2016-11-11,9.038,9.202,9.283999999999999,9.038,26839.0,300425,0.01511307225592945,0.01511307225592945
2016-11-14,9.193999999999999,9.142000000000001,9.306000000000001,9.093,24838.0,300425,-0.006520321669202208,-0.0065203216692022075
2016-11-15,9.12,9.235,9.243,9.076,20096.0,300425,0.010172828702690678,0.010172828702690678
2016-11-16,9.257,9.287,9.394,9.238,35041.0,300425,0.005630752571738103,0.005630752571738103
2016-11-17,9.312000000000001,9.109,9.328,9.087,19617.0,300425,-0.019166576935501327,-0.019166576935501327
2016-11-18,9.172,9.175,9.282,9.134,20311.0,300425,0.0072455812932265586,0.007245581293226558
2016-11-21,9.156,9.418,9.46,9.131,41545.0,300425,0.02648501362397804,0.02648501362397804
2016-11-22,9.38,9.408,9.539,9.323,32941.0,300425,-0.0010617965597791237,-0.0010617965597791237
2016-11-23,9.416,9.355,9.621,9.323,36533.0,300425,-0.005633503401360443,-0.005633503401360443
2016-11-24,9.251,9.152999999999999,9.394,9.139,28891.0,300425,-0.021592731159807775,-0.021592731159807768
2016-11-25,9.158,9.282,9.282,8.908999999999997,28948.0,300425,0.01409373975745672,0.014093739757456718
2016-11-28,9.243,9.164,9.35,9.136000000000001,20246.0,300425,-0.012712777418659806,-0.012712777418659806
2016-11-29,9.197000000000001,8.927999999999997,9.197000000000001,8.927999999999997,21370.0,300425,-0.025752946311654566,-0.02575294631165457
2016-11-30,8.873,8.982999999999997,9.175,8.854,18781.0,300425,0.006160394265232945,0.006160394265232946
2016-12-01,8.98,8.805,9.024,8.764,23077.0,300425,-0.019815206501168577,-0.01981520650116857
2016-12-02,8.832,8.46,8.871,8.457,25802.0,300425,-0.03918228279386699,-0.03918228279386698
2016-12-05,8.468,8.482000000000001,8.545,8.394,13298.0,300425,0.002600472813238799,0.0026004728132387987
2016-12-06,8.482000000000001,8.49,8.523,8.471,10976.0,300425,0.0009431737797688185,0.0009431737797688184
2016-12-07,8.504,8.682,8.722999999999999,8.463,16263.0,300425,0.022614840989399313,0.02261484098939932
2016-12-08,8.698,8.443,8.704,8.435,13363.0,300425,-0.02752821930430785,-0.02752821930430785
2016-12-09,8.471,8.561,8.622,8.435,12380.0,300425,0.013976074854909431,0.013976074854909431
2016-12-12,8.564,8.304,8.726,8.244,26437.0,300425,-0.030019857493283456,-0.030019857493283456
2016-12-13,8.285,8.526,8.607999999999999,8.219,16599.0,300425,0.026734104046242716,0.02673410404624272
2016-12-14,8.52,8.493,8.568999999999999,8.353,10458.0,300425,-0.0038705137227304097,-0.0038705137227304093
2016-12-15,8.616,8.457,8.616,8.375,15694.0,300425,-0.004238784881667207,-0.004238784881667207
2016-12-16,8.474,8.443,8.545,8.353,13538.0,300425,-0.001655433368807038,-0.001655433368807038
2016-12-19,8.422,8.463,8.485,8.359,9027.0,300425,0.002368826246594762,0.002368826246594762
2016-12-27,8.846,8.539,8.927999999999997,8.523,49818.0,300425,0.008980267044783235,0.008980267044783235
2016-12-28,8.52,8.531,8.638,8.463,16634.0,300425,-0.0009368778545496099,-0.0009368778545496099
2016-12-29,8.504,8.408,8.572000000000001,8.381,16788.0,300425,-0.014418004923221322,-0.014418004923221322
2016-12-30,8.381,8.32,8.49,8.246,16246.0,300425,-0.01046622264509981,-0.01046622264509981
2017-01-03,8.345,8.391,8.416,8.339,10473.0,300425,0.008533653846153814,0.008533653846153814
2017-01-04,8.391,8.482000000000001,8.527999999999999,8.337,10098.0,300425,0.010844952925753912,0.010844952925753912
2017-01-05,8.482000000000001,8.4,8.504,8.381,6782.0,300425,-0.00966753124263154,-0.00966753124263154
2017-01-06,8.405,8.37,8.49,8.293,10617.0,300425,-0.0035714285714287066,-0.003571428571428706
2017-01-09,8.318,8.49,8.52,8.298,11325.0,300425,0.014336917562724134,0.014336917562724134
2017-01-10,8.49,8.427,8.586,8.381,6086.0,300425,-0.007420494699646715,-0.007420494699646715
2017-01-11,8.437999999999999,8.315,8.468,8.304,7249.0,300425,-0.013290613504212663,-0.013290613504212664
2017-01-12,8.301,7.641,8.381,7.641,35354.0,300425,-0.08105832832230903,-0.08105832832230903
2017-01-13,7.6270000000000024,7.277,7.63,7.225,25613.0,300425,-0.04763774375081794,-0.04763774375081794
2017-01-16,7.298999999999999,7.022,7.348,6.71,17356.0,300425,-0.03504191287618522,-0.035041912876185216
2017-01-17,7.093,7.11,7.202999999999999,6.888,11917.0,300425,0.012532042153232708,0.012532042153232708
2017-01-18,7.121,6.997000000000001,7.2,6.956,7361.0,300425,-0.015893108298171525,-0.015893108298171525
2017-01-19,6.915,6.907,7.025,6.817,9223.0,300425,-0.012862655423753143,-0.012862655423753144
2017-01-20,6.902,7.0329999999999995,7.091,6.852,8257.0,300425,0.018242362820327124,0.018242362820327124
2017-01-23,7.077000000000001,7.247000000000001,7.395,7.055,17059.0,300425,0.03042798236883283,0.03042798236883283
2017-01-24,7.312,7.0820000000000025,7.312,7.0710000000000015,8675.0,300425,-0.022768041948392194,-0.0227680419483922
2017-01-25,7.066,7.115,7.202999999999999,7.066,7808.0,300425,0.004659700649533703,0.004659700649533703
2017-01-26,7.117999999999999,7.189,7.189,7.117999999999999,5151.0,300425,0.010400562192550927,0.010400562192550929
2017-02-03,7.206,7.044,7.206,7.039,5490.0,300425,-0.020169703714007576,-0.020169703714007576
2017-02-06,7.044,7.247000000000001,7.247000000000001,7.019,8860.0,300425,0.0288188529244749,0.0288188529244749
2017-02-07,7.237999999999999,7.266,7.381,7.184,11165.0,300425,0.002621774527390539,0.002621774527390539
2017-02-08,7.202999999999999,7.367000000000001,7.386,7.189,9220.0,300425,0.013900357830993788,0.013900357830993788
2017-02-09,7.397,7.407999999999999,7.51,7.312,13186.0,300425,0.005565359033527582,0.005565359033527582
2017-02-10,7.4220000000000015,7.362,7.444,7.322999999999999,9229.0,300425,-0.006209503239740618,-0.006209503239740618
2017-02-13,7.359,7.471,7.471,7.26,15118.0,300425,0.014805759304536809,0.014805759304536809
2017-02-14,7.466,7.395,7.487999999999999,7.362,10586.0,300425,-0.010172667648239929,-0.010172667648239929
2017-02-15,7.395,7.312,7.449,7.2929999999999975,9995.0,300425,-0.011223799864773402,-0.011223799864773402
2017-02-16,7.31,7.263,7.353,7.244,10184.0,300425,-0.006701312910284515,-0.006701312910284514
2017-02-17,7.322999999999999,7.29,7.49,7.237999999999999,10838.0,300425,0.0037174721189591263,0.003717472118959127
2017-02-20,7.29,7.298999999999999,7.329,7.202999999999999,14554.0,300425,0.001234567901234371,0.0012345679012343712
2017-02-21,7.296,7.377999999999999,7.419,7.255,14119.0,300425,0.010823400465817323,0.010823400465817323
2017-02-22,7.34,7.4579999999999975,7.4579999999999975,7.285,15797.0,300425,0.010843046896177596,0.010843046896177596
2017-02-23,7.462999999999999,7.471,7.479,7.395,11946.0,300425,0.0017430946634489903,0.0017430946634489903
2017-02-24,7.444,7.504,7.54,7.407999999999999,17978.0,300425,0.004417079373577764,0.004417079373577764
2017-02-27,7.534,7.5420000000000025,7.636,7.444,17550.0,300425,0.005063965884861797,0.005063965884861797
2017-02-28,7.529,7.597,7.622000000000001,7.51,12623.0,300425,0.007292495359320859,0.007292495359320859
2017-03-01,7.597,7.737,7.837999999999999,7.575,25789.0,300425,0.01842832697117279,0.01842832697117279
2017-03-02,7.773,7.638,7.803,7.6160000000000005,15035.0,300425,-0.012795657231485097,-0.012795657231485095
2017-03-03,7.608,7.745,7.778,7.581,13778.0,300425,0.014008902854150329,0.014008902854150329
2017-03-06,7.742000000000001,7.778,7.819,7.7010000000000005,13834.0,300425,0.004260813428018009,0.0042608134280180095
2017-03-07,7.7810000000000015,7.775,7.819,7.6770000000000005,14967.0,300425,-0.0003857032656208827,-0.0003857032656208826
2017-03-08,7.74,7.625,7.773,7.608,13644.0,300425,-0.01929260450160776,-0.01929260450160776
2017-03-09,7.666,7.567,7.699,7.559,10393.0,300425,-0.007606557377049158,-0.007606557377049155
2017-03-10,7.5779999999999985,7.641,7.718,7.572999999999999,12401.0,300425,0.00977930487643714,0.00977930487643714
2017-03-13,7.638,7.6960000000000015,7.6960000000000015,7.586,11914.0,300425,0.007198010731579832,0.007198010731579831
2017-03-14,7.671,7.71,7.734,7.671,10808.0,300425,0.0018191268191266184,0.0018191268191266184
2017-03-15,7.723,7.7639999999999985,7.775,7.6770000000000005,14269.0,300425,0.007003891050583462,0.007003891050583462
2017-03-16,7.775,7.841,7.86,7.752999999999999,16310.0,300425,0.009917568263781781,0.00991756826378178
2017-03-17,7.846,7.57,7.8679999999999986,7.537000000000001,22704.0,300425,-0.03456191812268842,-0.03456191812268842
2017-03-20,7.559,7.6629999999999985,7.693,7.534,11894.0,300425,0.01228533685601033,0.01228533685601033
2017-03-21,7.699,7.699,7.704,7.66,9139.0,300425,0.0046978989951717825,0.0046978989951717825
2017-03-22,7.6679999999999975,7.5939999999999985,7.693,7.545,9215.0,300425,-0.013638134822704418,-0.013638134822704418
2017-03-23,7.564,7.5939999999999985,7.655,7.485,11112.0,300425,0.0,0.0
2017-03-24,7.556,7.462999999999999,7.6110000000000015,7.4270000000000005,13497.0,300425,-0.017250460890176372,-0.017250460890176372
2017-03-27,7.474,7.348,7.474,7.34,11346.0,300425,-0.01540935280718201,-0.01540935280718201
2017-03-28,7.348,7.392,7.444,7.315,7394.0,300425,0.005988023952095875,0.005988023952095875
2017-03-29,7.356,7.263,7.397,7.26,9723.0,300425,-0.017451298701298763,-0.017451298701298763
2017-03-30,7.263,7.007999999999999,7.263,6.956,18788.0,300425,-0.035109458901280574,-0.035109458901280574
2017-03-31,7.0360000000000005,7.0489999999999995,7.1370000000000005,7.007999999999999,9384.0,300425,0.00585045662100462,0.005850456621004621
2017-04-05,7.165,7.359,7.375,7.039,22628.0,300425,0.043977869201305225,0.043977869201305225
2017-04-06,7.433,7.31,7.436,7.285,29630.0,300425,-0.006658513384970835,-0.006658513384970835
2017-04-07,7.298999999999999,7.775,8.038,7.206,59418.0,300425,0.06361149110807124,0.06361149110807124
2017-04-10,7.71,7.983,8.183,7.649,75726.0,300425,0.026752411575562608,0.026752411575562608
2017-04-11,8.129,7.997000000000001,8.134,7.7860000000000005,49344.0,300425,0.0017537266691721313,0.0017537266691721313
2017-04-12,8.003,7.477,8.024,7.436,61302.0,300425,-0.06502438414405406,-0.06502438414405406
2017-04-13,7.471,7.614,7.8329999999999975,7.353,38691.0,300425,0.018322856760732857,0.018322856760732857
2017-04-14,7.559,7.4579999999999975,7.6679999999999975,7.452000000000001,25100.0,300425,-0.020488573680063352,-0.020488573680063352
2017-04-17,7.395,7.11,7.395,7.11,31459.0,300425,-0.04666130329847108,-0.04666130329847108
2017-04-18,7.115,6.85,7.202999999999999,6.735,34833.0,300425,-0.03656821378340375,-0.03656821378340375
2017-04-19,6.85,7.175,7.175,6.715,31536.0,300425,0.04744525547445258,0.04744525547445258
2017-04-20,7.893,7.3729999999999976,7.893,7.2879999999999985,74684.0,300425,0.027595818815330696,0.027595818815330696
2017-04-21,7.121,7.077000000000001,7.383999999999999,6.989,47498.0,300425,-0.040146480401464374,-0.04014648040146437
2017-04-24,6.984,6.855,7.08,6.85,21720.0,300425,-0.03136922424756258,-0.03136922424756258
2017-04-25,6.8820000000000014,6.843999999999999,7.066,6.74,21322.0,300425,-0.0016046681254560187,-0.0016046681254560187
2017-04-26,6.751,6.9179999999999975,6.9510000000000005,6.737,22605.0,300425,0.01081239041496173,0.01081239041496173
2017-04-27,6.841,6.984,7.058,6.767,27047.0,300425,0.009540329575022048,0.00954032957502205
2017-04-28,6.984,7.019,7.148,6.943,19570.0,300425,0.005011454753722815,0.0050114547537228145
2017-05-02,7.022,7.0470000000000015,7.063,6.959,17443.0,300425,0.003989172246758991,0.003989172246758991
2017-05-03,7.041,6.9510000000000005,7.0520000000000005,6.885,16999.0,300425,-0.013622818220519506,-0.013622818220519506
2017-05-04,6.902,7.0520000000000005,7.175,6.787000000000001,23821.0,300425,0.014530283412458635,0.014530283412458638
2017-05-05,6.992000000000001,7.08,7.1320000000000014,6.928999999999999,15685.0,300425,0.003970504821327223,0.003970504821327223
2017-05-08,7.117999999999999,6.732,7.117999999999999,6.715,20276.0,300425,-0.04915254237288134,-0.04915254237288134
2017-05-09,6.641,6.428,6.669,6.305,36444.0,300425,-0.045157456922162845,-0.04515745692216285
2017-05-10,6.388999999999999,6.2170000000000005,6.462999999999999,6.2170000000000005,22527.0,300425,-0.03282514001244546,-0.032825140012445464
2017-05-11,6.1679999999999975,6.1320000000000014,6.184,5.9179999999999975,20551.0,300425,-0.013672189158758093,-0.013672189158758093
2017-05-12,6.121,6.257999999999999,6.28,6.055,11523.0,300425,0.020547945205479066,0.020547945205479062
2017-05-15,6.209,6.105,6.255,6.025,10221.0,300425,-0.02444870565675914,-0.02444870565675914
2017-05-16,6.085,6.441,6.715,6.0310000000000015,27121.0,300425,0.05503685503685494,0.05503685503685494
2017-05-17,6.436,6.547999999999999,6.669,6.409,22695.0,300425,0.016612327278372818,0.016612327278372818
2017-05-18,6.444,6.4879999999999995,6.693,6.436,17094.0,300425,-0.009163103237629752,-0.009163103237629752
2017-05-19,6.546,6.4579999999999975,6.562,6.409,10706.0,300425,-0.0046239210850804605,-0.004623921085080461
2017-05-22,6.444,6.165,6.483,6.165,12992.0,300425,-0.04537008361721858,-0.04537008361721858
2017-05-23,6.17,5.935,6.244,5.935,15852.0,300425,-0.03730738037307387,-0.03730738037307387
2017-05-24,5.938,5.992000000000001,6.022,5.814,15352.0,300425,0.009604043807919339,0.00960404380791934
2017-05-25,5.943,5.995,6.0329999999999995,5.8389999999999995,12717.0,300425,0.0005006675567421938,0.0005006675567421939
2017-05-26,5.995,6.05,6.184,5.992000000000001,14537.0,300425,0.009174311926605457,0.009174311926605457
2017-05-31,6.107,6.077000000000001,6.294,6.0420000000000025,14365.0,300425,0.004462809917355541,0.0044628099173555395
2017-06-01,6.075,5.779,6.077000000000001,5.74,16524.0,300425,-0.04903735395754499,-0.04903735395754499
2017-06-02,5.729,5.847,5.886,5.627999999999999,11931.0,300425,0.011766741650804725,0.011766741650804723
2017-06-05,5.85,5.88,5.943,5.812,9136.0,300425,0.005643919958953219,0.005643919958953219
2017-06-06,5.902,5.943,5.9570000000000025,5.8389999999999995,7773.0,300425,0.010714285714285668,0.010714285714285671
2017-06-07,5.932,6.159,6.1979999999999995,5.891,21108.0,300425,0.03634528016153461,0.03634528016153461
2017-06-08,6.1370000000000005,6.3260000000000005,6.433,6.1370000000000005,30635.0,300425,0.027114791362234245,0.027114791362234245
2017-06-09,6.316,6.403,6.452000000000001,6.2170000000000005,21157.0,300425,0.012171988618400105,0.012171988618400105
2017-06-12,6.2989999999999995,6.124,6.2989999999999995,6.08,18467.0,300425,-0.04357332500390441,-0.04357332500390442
2017-06-13,6.129,6.305,6.376,6.129,21454.0,300425,0.029555845852384074,0.029555845852384074
2017-06-14,6.34,6.255,6.34,6.162000000000001,11566.0,300425,-0.007930214115781098,-0.007930214115781098
2017-06-15,6.222,6.414,6.452000000000001,6.222,23998.0,300425,0.0254196642685851,0.0254196642685851
2017-06-16,6.3870000000000005,6.4879999999999995,6.609,6.37,23506.0,300425,0.011537262238852486,0.011537262238852486
2017-06-19,6.4910000000000005,6.433,6.504,6.3210000000000015,16645.0,300425,-0.008477188655980229,-0.00847718865598023
2017-06-20,6.466,6.444,6.515,6.409,19803.0,300425,0.001709933157158421,0.0017099331571584213
2017-06-21,6.447,6.351,6.461,6.3020000000000005,19397.0,300425,-0.014432029795158282,-0.014432029795158282
2017-06-22,6.354,6.2139999999999995,6.5020000000000024,6.025,21758.0,300425,-0.021571406077783097,-0.021571406077783097
2017-06-23,6.261,6.162000000000001,6.359,5.9979999999999976,20286.0,300425,-0.008368200836819877,-0.008368200836819877
2017-06-26,6.1560000000000015,6.075,6.162000000000001,5.9060000000000015,42699.0,300425,-0.014118792599805358,-0.01411879259980536
2017-06-27,6.0470000000000015,6.407,6.5,5.955,72537.0,300425,0.05465020576131684,0.054650205761316836
2017-06-28,6.314,6.162000000000001,6.396,6.096,51836.0,300425,-0.03823942562821901,-0.03823942562821901
2017-06-29,6.151,6.096,6.205,6.091,24540.0,300425,-0.010710808179162725,-0.010710808179162723
2017-06-30,6.075,6.053,6.08,5.977,22769.0,300425,-0.007053805774278239,-0.007053805774278239
2017-07-03,6.015,6.096,6.1339999999999995,5.9979999999999976,19950.0,300425,0.007103915413844399,0.0071039154138443986
2017-07-04,6.091,6.004,6.091,5.987,18851.0,300425,-0.015091863517060454,-0.015091863517060454
2017-07-05,6.004,6.053,6.064,5.966,18822.0,300425,0.008161225849433774,0.008161225849433773
2017-07-06,6.0420000000000025,5.992999999999999,6.058,5.938,26326.0,300425,-0.00991244011234107,-0.00991244011234107
2017-07-07,5.971,5.949,6.0089999999999995,5.9,29387.0,300425,-0.007341898882028967,-0.0073418988820289684
2017-07-10,5.949,5.819,5.949,5.775,24860.0,300425,-0.021852412170112606,-0.02185241217011261
2017-07-11,5.835,5.752999999999999,5.9110000000000005,5.752999999999999,17575.0,300425,-0.01134215500945192,-0.01134215500945192
2017-07-12,5.7479999999999976,5.699,5.7970000000000015,5.632999999999999,27706.0,300425,-0.00938640709195192,-0.009386407091951921
2017-07-13,5.72,5.601,5.737,5.579,26562.0,300425,-0.017195999298122454,-0.017195999298122454
2017-07-14,5.627999999999999,5.617000000000001,5.715,5.601,18938.0,300425,0.002856632744152991,0.002856632744152991
2017-07-17,5.601,5.121,5.6110000000000015,5.056,49216.0,300425,-0.08830336478547274,-0.08830336478547274
2017-07-18,5.067,5.121,5.138,4.98,27296.0,300425,0.0,0.0
2017-07-19,5.078,5.143,5.148,5.018,33994.0,300425,0.004296035930482201,0.004296035930482201
2017-07-20,5.121,5.083,5.225,5.083,27378.0,300425,-0.011666342601594324,-0.011666342601594323
2017-07-21,5.121,5.001,5.127000000000002,4.99,23323.0,300425,-0.016132205390517382,-0.016132205390517382
2017-07-24,4.968999999999999,5.045,5.056,4.958,16276.0,300425,0.008798240351929533,0.008798240351929533
2017-07-25,5.029,5.056,5.072,5.012,13063.0,300425,0.002180376610505475,0.002180376610505475
2017-07-26,5.056,5.088,5.093999999999999,5.012,14402.0,300425,0.006329113924050639,0.006329113924050639
2017-07-27,5.197,5.296,5.306,5.061,38016.0,300425,0.04088050314465412,0.04088050314465412
2017-07-28,5.301,5.197,5.327999999999999,5.197,23848.0,300425,-0.018693353474320277,-0.01869335347432028
2017-07-31,5.197,5.187,5.246,5.176,13027.0,300425,-0.00192418703097937,-0.0019241870309793696
2017-08-01,5.2139999999999995,5.202999999999999,5.2360000000000015,5.17,13155.0,300425,0.0030846346635818632,0.003084634663581863
2017-08-02,5.202999999999999,5.11,5.218999999999999,5.088,15783.0,300425,-0.01787430328656527,-0.01787430328656527
2017-08-03,5.11,5.159,5.2410000000000005,5.11,17986.0,300425,0.00958904109589031,0.009589041095890307
2017-08-04,5.138,5.072,5.159,5.072,19430.0,300425,-0.01686373328164368,-0.016863733281643683
2017-08-07,5.067,5.093999999999999,5.159,5.067,10194.0,300425,0.004337539432176529,0.004337539432176529
2017-08-08,5.143,5.159,5.17,5.083,17366.0,300425,0.012760109933254887,0.012760109933254887
2017-08-09,5.159,5.296,5.426,5.1320000000000014,52083.0,300425,0.026555534018220674,0.026555534018220674
2017-08-10,5.2570000000000014,5.192,5.312,5.148,31204.0,300425,-0.019637462235649564,-0.019637462235649564
2017-08-11,5.11,5.088,5.192,5.083,18646.0,300425,-0.02003081664098615,-0.02003081664098615
2017-08-14,5.083,5.2570000000000014,5.296,5.083,29419.0,300425,0.03321540880503172,0.03321540880503172
2017-08-15,5.2360000000000015,5.3610000000000015,5.404,5.2139999999999995,39686.0,300425,0.019783146281148956,0.01978314628114896
2017-08-16,5.334,5.404,5.437,5.29,43635.0,300425,0.00802089162469658,0.00802089162469658
2017-08-17,5.399,5.4639999999999995,5.513,5.388,39289.0,300425,0.011102886750555072,0.011102886750555072
2017-08-18,5.41,5.415,5.481,5.399,27897.0,300425,-0.008967789165446466,-0.008967789165446466
2017-08-21,5.502999999999999,5.4479999999999995,5.513,5.415,21242.0,300425,0.006094182825484668,0.006094182825484668
2017-08-22,5.4639999999999995,5.382999999999999,5.47,5.3660000000000005,22780.0,300425,-0.01193098384728348,-0.01193098384728348
2017-08-23,5.3770000000000024,5.47,5.584,5.3389999999999995,35332.0,300425,0.01616199145457935,0.01616199145457935
2017-08-24,5.8020000000000005,6.015,6.015,5.8020000000000005,80991.0,300425,0.0996343692870201,0.0996343692870201
2017-08-25,6.254,6.254,6.4179999999999975,6.102,240616.0,300425,0.03973399833748959,0.039733998337489584
2017-08-28,6.0310000000000015,6.151,6.227,6.0089999999999995,147389.0,300425,-0.016469459545890592,-0.016469459545890592
2017-08-29,6.075,6.0360000000000005,6.2920000000000025,6.0360000000000005,109237.0,300425,-0.018696146967972577,-0.01869614696797257
2017-08-30,6.0310000000000015,6.053,6.211,6.02,66538.0,300425,0.002816434724983343,0.002816434724983343
2017-08-31,6.015,6.0360000000000005,6.102,5.949,54911.0,300425,-0.0028085246984965243,-0.002808524698496525
2017-09-01,6.0360000000000005,6.069,6.075,5.944,65388.0,300425,0.0054671968190854,0.0054671968190854
2017-09-04,6.08,6.282,6.309,6.08,113179.0,300425,0.035096391497775596,0.0350963914977756
2017-09-05,6.265,6.194,6.265,6.117999999999999,62319.0,300425,-0.014008277618592817,-0.014008277618592815
2017-09-06,6.184,6.1560000000000015,6.2,6.091,40148.0,300425,-0.006134969325153129,-0.006134969325153129
2017-09-07,6.2,6.26,6.456,6.1339999999999995,122900.0,300425,0.016894087069525388,0.016894087069525388
2017-09-08,6.254,6.516,6.527,6.1339999999999995,122419.0,300425,0.04089456869009588,0.04089456869009588
2017-09-11,6.532,6.772,6.859,6.396,160871.0,300425,0.03928790669122164,0.03928790669122164
2017-09-12,6.881,6.603,6.9460000000000015,6.5870000000000015,180583.0,300425,-0.024955699940933326,-0.024955699940933333
2017-09-13,6.581,6.6679999999999975,6.728,6.581,67940.0,300425,0.009844010298348891,0.009844010298348893
2017-09-14,6.728,6.478,6.728,6.461,69418.0,300425,-0.028494301139771715,-0.028494301139771718
2017-09-15,6.483,6.374,6.521,6.331,50028.0,300425,-0.016054337758567475,-0.016054337758567475
2017-09-18,6.369,6.401,6.483,6.309,31125.0,300425,0.0042359585817383335,0.0042359585817383335
2017-09-19,6.401,6.407,6.45,6.3420000000000005,27230.0,300425,0.0009373535385096434,0.0009373535385096434
2017-09-20,6.412000000000001,6.608,6.647,6.412000000000001,58169.0,300425,0.03137193694396748,0.031371936943967484
2017-09-21,6.614,6.374,6.625,6.3629999999999995,41289.0,300425,-0.03541162227602906,-0.035411622276029064
2017-09-22,6.369,6.369,6.428999999999999,6.32,27557.0,300425,-0.000784436774395967,-0.000784436774395967
2017-09-25,6.374,6.124,6.4179999999999975,6.124,27960.0,300425,-0.038467577327680975,-0.038467577327680975
2017-09-26,6.194,6.085,6.2,6.0089999999999995,24667.0,300425,-0.006368386675375523,-0.006368386675375523
2017-09-27,6.064,6.1339999999999995,6.172999999999999,6.064,15865.0,300425,0.008052588331963761,0.008052588331963761
2017-09-28,6.1129999999999995,6.053,6.2,6.053,17471.0,300425,-0.0132050864036517,-0.0132050864036517
2017-09-29,6.091,6.1339999999999995,6.178,6.053,14066.0,300425,0.013381794151660254,0.013381794151660254
2017-10-09,6.053,6.026,6.1129999999999995,5.8729999999999976,48114.0,300425,-0.017606781871535648,-0.017606781871535648
2017-10-10,5.9979999999999976,6.189,6.189,5.938,40122.0,300425,0.02704945237305016,0.02704945237305016
2017-10-11,6.184,6.2,6.314,6.124,46335.0,300425,0.0017773469058006335,0.0017773469058006337
2017-10-12,6.172999999999999,6.1339999999999995,6.189,6.015,36699.0,300425,-0.010645161290322697,-0.010645161290322695
2017-10-13,6.096,6.75,6.75,6.0310000000000015,127462.0,300425,0.10042386697098152,0.10042386697098153
2017-10-16,7.0820000000000025,7.077000000000001,7.426,7.006,363763.0,300425,0.04844444444444457,0.04844444444444457
2017-10-17,6.761,6.87,6.962999999999999,6.5920000000000005,196447.0,300425,-0.029249682068673268,-0.029249682068673268
2017-10-18,6.7829999999999995,6.777,7.246,6.728,194231.0,300425,-0.013537117903930126,-0.013537117903930126
2017-10-19,6.734,6.553999999999999,6.756,6.489,110020.0,300425,-0.032905415375535006,-0.032905415375535006
2017-10-20,6.445,6.4179999999999975,6.5,6.2920000000000025,97763.0,300425,-0.020750686603601146,-0.020750686603601142
2017-10-23,6.422999999999999,6.553999999999999,6.63,6.347,96320.0,300425,0.02119040199439108,0.02119040199439108
2017-10-24,6.483,6.276,6.483,6.211,81837.0,300425,-0.042416844675007566,-0.042416844675007566
2017-10-25,6.461,6.903,6.903,6.461,81545.0,300425,0.0999043977055449,0.0999043977055449
2017-10-26,7.191,7.273,7.355,7.0329999999999995,339783.0,300425,0.053599884108358704,0.053599884108358704
2017-10-27,7.142,6.962999999999999,7.246,6.919,178893.0,300425,-0.04262340162243923,-0.04262340162243923
2017-10-30,6.99,6.5920000000000005,7.028,6.428999999999999,161124.0,300425,-0.053281631480683427,-0.05328163148068343
2017-10-31,6.625,7.251,7.251,6.603,198099.0,300425,0.09996966019417472,0.09996966019417472
2017-11-01,7.437,7.148,7.463999999999999,7.104,285879.0,300425,-0.014204937250034567,-0.014204937250034569
2017-11-02,7.2570000000000014,7.087999999999999,7.409,7.017,209923.0,300425,-0.008393956351427043,-0.008393956351427043
2017-11-03,7.2620000000000005,7.355,7.638,7.17,287869.0,300425,0.037669300225733816,0.037669300225733816
2017-11-06,7.355,7.704,7.822999999999999,7.159,259685.0,300425,0.047450713800135866,0.047450713800135866
2017-11-07,7.529,7.546,7.6,7.415,180763.0,300425,-0.020508826583592873,-0.02050882658359288
2017-11-08,7.409,7.371,7.48,7.3,158457.0,300425,-0.023191094619666022,-0.023191094619666026
2017-11-09,7.3279999999999985,7.355,7.355,7.191,113485.0,300425,-0.002170668837335506,-0.002170668837335506
2017-11-10,7.3,7.197,7.431,7.153,109236.0,300425,-0.021481985044187676,-0.02148198504418768
2017-11-13,7.1370000000000005,7.2570000000000014,7.349,7.023,106993.0,300425,0.008336807002918075,0.008336807002918075
2017-11-14,7.191,7.398,7.605,7.1370000000000005,181014.0,300425,0.01942951632906135,0.01942951632906135
2017-11-15,7.3,7.061,7.322,7.028,113986.0,300425,-0.045552852122195155,-0.04555285212219516
2017-11-16,6.935,6.892,7.121,6.87,82234.0,300425,-0.02393428692819708,-0.02393428692819708
2017-11-17,6.919,6.211,6.952000000000001,6.205,119380.0,300425,-0.09881021474172955,-0.09881021474172956
2017-11-20,6.2,6.096,6.211,5.601,69699.0,300425,-0.0185155369505716,-0.0185155369505716
2017-11-21,6.0089999999999995,6.0310000000000015,6.222,5.9220000000000015,57013.0,300425,-0.010662729658792423,-0.010662729658792423
2017-11-22,6.091,6.015,6.117999999999999,5.9270000000000005,47608.0,300425,-0.0026529597081747284,-0.0026529597081747284
2017-11-23,6.0420000000000025,5.627999999999999,6.08,5.584,68584.0,300425,-0.06433915211970083,-0.06433915211970083
2017-11-24,5.655,5.65,5.72,5.6110000000000015,38516.0,300425,0.0039090262970862,0.0039090262970862
2017-11-27,5.584,5.53,5.704,5.497000000000001,38917.0,300425,-0.021238938053097362,-0.02123893805309736
2017-11-28,5.53,5.671,5.682,5.53,34368.0,300425,0.02549728752260398,0.02549728752260398
2017-11-29,5.72,5.9110000000000005,6.227,5.6770000000000005,89196.0,300425,0.042320578381237914,0.04232057838123792
2017-11-30,5.7970000000000015,5.808,5.9270000000000005,5.7589999999999995,43208.0,300425,-0.01742513957029278,-0.01742513957029278
2017-12-01,5.775,5.9110000000000005,6.02,5.775,41770.0,300425,0.01773415977961444,0.017734159779614442
2017-12-04,5.9220000000000015,5.65,5.9220000000000015,5.632999999999999,42381.0,300425,-0.04415496531889699,-0.04415496531889699
2017-12-05,5.617000000000001,5.699,5.9170000000000025,5.568,45556.0,300425,0.008672566371681324,0.008672566371681324
2017-12-06,5.59,5.775,5.775,5.568,37849.0,300425,0.013335672925074664,0.013335672925074664
2017-12-07,5.72,5.731,5.867999999999999,5.671,35326.0,300425,-0.007619047619047702,-0.0076190476190477014
2017-12-08,5.726,5.867999999999999,5.9220000000000015,5.726,47056.0,300425,0.023905077647879875,0.023905077647879875
2017-12-11,5.829,5.982,6.02,5.824,51483.0,300425,0.019427402862985818,0.019427402862985808
2017-12-12,5.955,5.8020000000000005,5.96,5.775,39951.0,300425,-0.030090270812437262,-0.030090270812437262
2017-12-13,5.829,5.9,6.02,5.775,42974.0,300425,0.016890727335401562,0.016890727335401562
2017-12-14,5.888999999999999,5.813,5.9,5.78,31088.0,300425,-0.014745762711864513,-0.014745762711864513
2017-12-15,5.824,5.632999999999999,5.857,5.584,47419.0,300425,-0.03096507827283685,-0.03096507827283685
2017-12-18,5.6610000000000005,5.595,5.699,5.557,24743.0,300425,-0.006745961299485065,-0.006745961299485065
2017-12-19,5.606,5.71,5.71,5.595,25743.0,300425,0.020554066130473676,0.02055406613047368
2017-12-20,5.6610000000000005,5.568,5.71,5.568,26097.0,300425,-0.024868651488616524,-0.024868651488616524
2017-12-21,5.595,5.949,6.124,5.595,128837.0,300425,0.06842672413793108,0.06842672413793108
2017-12-22,5.9270000000000005,5.867999999999999,5.9270000000000005,5.791,78366.0,300425,-0.01361573373676255,-0.01361573373676255
2017-12-25,5.819,5.666,5.835,5.638999999999999,48615.0,300425,-0.03442399454669378,-0.03442399454669378
2017-12-26,5.627999999999999,5.7860000000000005,5.8839999999999995,5.627999999999999,51806.0,300425,0.021178962230850706,0.021178962230850702
2017-12-27,5.7970000000000015,5.846,5.9060000000000015,5.688,61050.0,300425,0.010369858278603457,0.010369858278603455
2017-12-28,5.791,5.888999999999999,6.0360000000000005,5.7479999999999976,69799.0,300425,0.007355456722545204,0.007355456722545205
2017-12-29,5.938,5.9,5.987,5.829,54678.0,300425,0.0018678892851079997,0.0018678892851079997
2018-01-02,5.8729999999999976,5.9170000000000025,5.971,5.867999999999999,42129.0,300425,0.00288135593220375,0.00288135593220375
2018-01-03,5.949,6.08,6.102,5.8839999999999995,84371.0,300425,0.027547743789081886,0.027547743789081886
2018-01-04,6.0360000000000005,6.0420000000000025,6.08,5.949,57952.0,300425,-0.006249999999999604,-0.006249999999999604
2018-01-05,6.069,5.9170000000000025,6.091,5.8839999999999995,49665.0,300425,-0.020688513737173113,-0.02068851373717312
2018-01-08,5.933,5.9110000000000005,5.933,5.829,32599.0,300425,-0.0010140273787395643,-0.0010140273787395645
2018-01-09,5.8839999999999995,5.808,5.933,5.769,37981.0,300425,-0.01742513957029278,-0.01742513957029278
2018-01-10,5.7970000000000015,5.693,5.7970000000000015,5.6110000000000015,39528.0,300425,-0.0198002754820937,-0.0198002754820937
2018-01-11,5.72,5.763999999999999,5.775,5.644,25288.0,300425,0.01247145617424903,0.012471456174249029
2018-01-12,5.715,5.72,5.8020000000000005,5.65,24553.0,300425,-0.007633587786259472,-0.007633587786259472
2018-01-15,5.535,5.181,5.606,5.176,81951.0,300425,-0.09423076923076919,-0.0942307692307692
2018-01-16,5.176,5.1160000000000005,5.252000000000002,5.072,43017.0,300425,-0.012545840571318183,-0.012545840571318185
2018-01-17,5.083,5.225,5.252000000000002,5.072,32187.0,300425,0.02130570758404986,0.02130570758404986
2018-01-18,5.218999999999999,5.127000000000002,5.218999999999999,5.099,28496.0,300425,-0.018755980861243655,-0.018755980861243655
2018-01-19,5.192,5.105,5.192,5.088,19148.0,300425,-0.004291008386971157,-0.004291008386971157
2018-01-22,5.1160000000000005,5.138,5.17,5.023,24432.0,300425,0.006464250734573844,0.006464250734573844
2018-01-23,5.154,5.143,5.154,5.105,21269.0,300425,0.0009731413001167563,0.0009731413001167565
2018-01-24,5.165,5.197,5.202999999999999,5.056,32493.0,300425,0.010499708341435014,0.010499708341435014
2018-01-25,5.202999999999999,5.187,5.296,5.176,38183.0,300425,-0.00192418703097937,-0.0019241870309793696
2018-01-26,5.165,5.192,5.2410000000000005,5.1320000000000014,26801.0,300425,0.0009639483323693644,0.0009639483323693644
2018-01-29,5.187,5.088,5.207999999999998,5.083,21847.0,300425,-0.02003081664098615,-0.02003081664098615
2018-01-30,5.067,4.99,5.099,4.99,22594.0,300425,-0.019261006289308148,-0.019261006289308148
2018-01-31,4.99,4.609,4.99,4.565,43165.0,300425,-0.07635270541082169,-0.07635270541082169
2018-02-01,4.609,4.4239999999999995,4.658,4.407,27126.0,300425,-0.04013885875461065,-0.04013885875461065
2018-02-02,4.407,4.348,4.4510000000000005,4.2,18193.0,300425,-0.01717902350813735,-0.01717902350813735
2018-02-05,4.315,4.369,4.407,4.249,13181.0,300425,0.00482980680772767,0.00482980680772767
2018-02-06,4.331,3.955,4.331,3.955,28979.0,300425,-0.09475852597848472,-0.09475852597848472
2018-02-07,4.048,4.053,4.2219999999999995,3.917,20150.0,300425,0.024778761061946868,0.024778761061946868
2018-02-08,4.01,4.124,4.151,4.01,15214.0,300425,0.01751788798420916,0.017517887984209158
2018-02-09,4.091,3.972,4.091,3.923,22728.0,300425,-0.03685741998060128,-0.03685741998060128
2018-02-12,4.369,4.369,4.369,4.369,6797.0,300425,0.09994964753272906,0.09994964753272906
2018-02-13,4.805,4.805,4.805,4.805,8438.0,300425,0.09979400320439459,0.0997940032043946
2018-02-14,4.9030000000000005,5.012,5.285,4.838,182799.0,300425,0.04308012486992713,0.043080124869927135
2018-02-22,4.849,4.936,5.067,4.723,120208.0,300425,-0.015163607342378219,-0.015163607342378219
2018-02-23,4.838,4.93,5.121,4.822,94022.0,300425,-0.0012155591572123637,-0.0012155591572123635
2018-02-26,4.985,5.426,5.426,4.86,139141.0,300425,0.10060851926977697,0.10060851926977696
2018-02-27,5.524,5.535,5.72,5.437,191128.0,300425,0.020088462956137115,0.020088462956137115
2018-02-28,5.4479999999999995,5.507999999999999,5.59,5.345,113954.0,300425,-0.00487804878048799,-0.00487804878048799
2018-03-01,5.415,5.6110000000000015,5.6110000000000015,5.415,97356.0,300425,0.01870007262164169,0.01870007262164169
2018-03-02,5.557,5.394,5.617000000000001,5.394,71106.0,300425,-0.03867403314917151,-0.03867403314917151
2018-03-05,5.41,5.535,5.535,5.3610000000000015,55814.0,300425,0.02614015572858732,0.026140155728587317
2018-03-06,5.507999999999999,5.519,5.557,5.459,57425.0,300425,-0.002890695573622405,-0.002890695573622405
2018-03-07,5.481,5.644,5.769,5.481,137919.0,300425,0.0226490306214894,0.0226490306214894
2018-03-08,5.6610000000000005,5.682,5.693,5.557,82426.0,300425,0.006732813607370704,0.006732813607370704
2018-03-09,5.5520000000000005,5.481,5.5520000000000005,5.268,146367.0,300425,-0.03537486800422395,-0.03537486800422395
2018-03-12,5.502999999999999,5.682,5.877999999999999,5.452999999999999,126516.0,300425,0.03667214012041608,0.03667214012041608
2018-03-13,5.601,5.5520000000000005,5.666,5.513,78686.0,300425,-0.02287926786342835,-0.02287926786342835
2018-03-14,5.53,5.4860000000000015,5.606,5.47,54124.0,300425,-0.011887608069164075,-0.011887608069164076
2018-03-15,5.4860000000000015,5.355,5.519,5.2410000000000005,65288.0,300425,-0.023878964637258672,-0.023878964637258672
2018-03-16,5.3610000000000015,5.3610000000000015,5.415,5.327999999999999,30203.0,300425,0.001120448179271917,0.001120448179271917
2018-03-19,5.3610000000000015,5.4860000000000015,5.584,5.334,51582.0,300425,0.023316545420630472,0.023316545420630472
2018-03-20,5.421,5.4479999999999995,5.4860000000000015,5.372000000000001,34967.0,300425,-0.006926722566533362,-0.006926722566533362
2018-03-21,5.443,5.372000000000001,5.568,5.355,46719.0,300425,-0.013950073421438829,-0.013950073421438829
2018-03-22,5.372000000000001,5.41,5.459,5.35,29496.0,300425,0.007073715562174118,0.007073715562174118
2018-03-23,5.312,4.871,5.312,4.871,72333.0,300425,-0.09963031423290197,-0.09963031423290196
2018-03-26,4.805,4.996,5.007,4.783,42659.0,300425,0.025662081708068156,0.02566208170806816
2018-03-27,5.034,5.197,5.29,5.034,54859.0,300425,0.0402321857485988,0.0402321857485988
2018-03-28,5.1160000000000005,5.197,5.312,5.078,44198.0,300425,0.0,0.0
2018-03-29,5.225,5.2139999999999995,5.2570000000000014,5.176,28416.0,300425,0.003271117952664895,0.003271117952664895
2018-03-30,5.218999999999999,5.29,5.3229999999999995,5.2139999999999995,35166.0,300425,0.014576141158419738,0.014576141158419738
2018-04-02,5.35,5.296,5.355,5.268,38006.0,300425,0.0011342155009452226,0.0011342155009452224
2018-04-03,5.252000000000002,5.176,5.252000000000002,5.127000000000002,36009.0,300425,-0.022658610271903343,-0.022658610271903343
2018-04-04,5.23,5.246,5.3660000000000005,5.192,51541.0,300425,0.01352395672333854,0.01352395672333854
2018-04-09,5.17,5.1160000000000005,5.202999999999999,5.023,36817.0,300425,-0.024780785360274473,-0.02478078536027448
2018-04-10,5.202999999999999,5.252000000000002,5.3389999999999995,5.17,43177.0,300425,0.026583268178264462,0.026583268178264462
2018-04-11,5.225,5.35,5.421,5.225,49763.0,300425,0.01865955826351829,0.01865955826351829
2018-04-12,5.274,5.2570000000000014,5.3229999999999995,5.218999999999999,32253.0,300425,-0.01738317757009312,-0.017383177570093118
2018-04-13,5.268,5.143,5.306,5.067,35542.0,300425,-0.021685371885105883,-0.021685371885105883
2018-04-16,5.1160000000000005,5.154,5.181,5.093999999999999,21413.0,300425,0.002138829476958997,0.0021388294769589967
2018-04-17,5.121,4.968999999999999,5.17,4.909,35807.0,300425,-0.03589445091191317,-0.03589445091191317
2018-04-18,4.968999999999999,5.012,5.056,4.914,20861.0,300425,0.008653652646407758,0.008653652646407758
2018-04-19,4.985,5.05,5.11,4.974,19294.0,300425,0.007581803671189198,0.007581803671189199
2018-04-20,5.05,4.952,5.11,4.941,20123.0,300425,-0.01940594059405938,-0.01940594059405938
2018-04-23,4.974,4.822,5.001,4.7669999999999995,44010.0,300425,-0.026252019386106603,-0.026252019386106603
2018-04-24,4.865,4.8919999999999995,4.936,4.822,102183.0,300425,0.01451679800912472,0.01451679800912472
2018-04-25,4.898,5.067,5.093999999999999,4.887,86099.0,300425,0.03577269010629614,0.035772690106296134
2018-04-26,5.05,4.8919999999999995,5.067,4.843,48170.0,300425,-0.034537201499901464,-0.034537201499901464
2018-04-27,4.936,4.86,4.936,4.838,38521.0,300425,-0.006541291905151092,-0.006541291905151092
2018-05-02,4.838,4.8919999999999995,4.968999999999999,4.822,35169.0,300425,0.006584362139917518,0.006584362139917518
2018-05-03,4.9030000000000005,4.914,4.925,4.685,39966.0,300425,0.004497138184791546,0.004497138184791546
2018-05-04,4.887,4.947,4.963,4.86,31450.0,300425,0.00671550671550679,0.00671550671550679
2018-05-07,4.936,5.056,5.056,4.93,39186.0,300425,0.022033555690317362,0.02203355569031736
2018-05-08,5.093999999999999,5.176,5.312,5.093999999999999,72294.0,300425,0.023734177215189896,0.023734177215189896
2018-05-09,5.17,5.693,5.693,5.138,196662.0,300425,0.09988408037094271,0.09988408037094272
2018-05-10,5.9110000000000005,6.0310000000000015,6.265,5.699,416940.0,300425,0.05937115756191848,0.05937115756191848
2018-05-11,5.938,5.65,5.982,5.6110000000000015,231905.0,300425,-0.06317360305090383,-0.06317360305090383
2018-05-14,5.535,5.5520000000000005,5.682,5.481,105691.0,300425,-0.017345132743362808,-0.017345132743362808
2018-05-15,5.53,6.107,6.107,5.53,183911.0,300425,0.09996397694524489,0.09996397694524488
2018-05-16,6.1670000000000025,6.069,6.472,6.0470000000000015,308702.0,300425,-0.00622236777468483,-0.00622236777468483
2018-05-17,6.233,6.216,6.401,6.0360000000000005,240340.0,300425,0.024221453287197273,0.024221453287197273
2018-05-18,6.1560000000000015,6.242999999999999,6.472,6.085,192240.0,300425,0.004343629343629222,0.004343629343629222
2018-05-21,6.374,6.172999999999999,6.641,6.117999999999999,243194.0,300425,-0.011212558065032883,-0.011212558065032885
2018-05-22,6.091,6.117999999999999,6.2,5.9979999999999976,153949.0,300425,-0.008909768346022959,-0.008909768346022959
2018-05-23,6.096,6.0310000000000015,6.2,6.0310000000000015,99848.0,300425,-0.014220333442301074,-0.014220333442301074
2018-05-24,5.971,5.824,5.971,5.731,110993.0,300425,-0.03432266622450698,-0.034322666224506984
2018-05-25,5.867999999999999,5.857,5.9220000000000015,5.78,66782.0,300425,0.0056662087912088535,0.0056662087912088535
2018-05-28,5.857,5.72,5.867999999999999,5.671,63045.0,300425,-0.02339081441010764,-0.02339081441010764
2018-05-29,5.7,5.48,5.87,5.48,142165.0,300425,-0.04195804195804184,-0.041958041958041835
2018-05-30,5.3,5.19,5.41,5.13,144012.0,300425,-0.052919708029197085,-0.052919708029197085
2018-05-31,5.29,5.21,5.38,5.17,88195.0,300425,0.0038535645472060833,0.003853564547206083
2018-06-01,5.2,5.13,5.34,5.04,91294.0,300425,-0.015355086372360858,-0.01535508637236086
2018-06-04,4.89,4.62,4.9,4.62,82528.0,300425,-0.09941520467836254,-0.09941520467836254
2018-06-05,4.19,4.48,4.61,4.19,180654.0,300425,-0.030303030303030234,-0.030303030303030238
2018-06-06,4.39,4.48,4.56,4.39,91249.0,300425,0.0,0.0
2018-06-07,4.49,4.33,4.53,4.33,85143.0,300425,-0.03348214285714293,-0.03348214285714293
